In #Russia 320 morti in 24 ore. E' il picco da inizio epidemia #COVID-19 #ANSA https://t.co/vC525pjAwT;14;2;2020-10-27 10:45:06
Sono 28 le persone accompagnate in questura a #Milano in seguito agli incidenti di ieri sera durante una manifestazione non autorizzata contro i provvedimenti per il contenimento del coronavirus contenuti nell'ultimo #dpcm #Covid-19 #ANSA https://t.co/3cxznvr62w;55;15;2020-10-27 08:22:31
#Covid-19 Monta la rabbia contro i nuovi provvedimenti del #dpcm VIDEO #ANSA https://t.co/zlxEBFdjA4;20;7;2020-10-27 08:15:06
#Covid  A #Pesaro irruzione della polizia in un ristorante, 90 a tavola VIDEO #ANSA https://t.co/8xtBROgy8X;110;29;2020-10-27 07:44:47
"A #Cagliari operatori del 118  stremati e bardati con le tute protettive attendono fuori dall'ospedale che le ambulanze con cui hanno portato pazienti #Covid-19 si liberino
#ANSA
https://t.co/4dufOltNNi";243;54;2020-10-27 06:30:13
"#covid #Guerriglia a #Torino e #Milano, negozi saccheggiati e scontri con le forze dell'ordine. Dieci fermi, un poliziotto ferito #ANSA
https://t.co/GsGIBebyAR";145;53;2020-10-26 21:55:22
"#Genova verso restrizioni della #mobilità in tutta la città dalle 21 alle 6. Troppe le segnalazioni di comportamenti irresponsabili dice il sindaco Marco Bucci per Genova . 'Non impatterà sul commercio perché i #negozi a quell'ora sono chiusi' #ANSA
https://t.co/oTZrpkFndw";33;12;2020-10-26 20:34:48
"#coronavirus Sale la tensione a #Napoli, fermato un manifestante. Scontri con le forze dell'ordine a #Milano, #Torino #Trieste #ANSA
https://t.co/MvmlTzM28M";97;47;2020-10-26 20:18:32
"#Covid, come il virus si diffonde in un bar, a casa e a scuola
E i comportamenti per limitare il rischio di contagio
#ANSA
https://t.co/wPXwnpjgbs";92;50;2020-10-26 20:02:41
"#Covid, Il virologo #Fauci: ' Gli #Usa ancora nella prima ondata. 
Non c'è mai stato un vero calo da inizio #pandemia, ora c'è picco'
#ANSA #pandemia
https://t.co/Uyv3IQv18d";32;22;2020-10-26 19:16:13
"Ore 18, nelle città calano le serrande di bar e ristoranti - FOTO
#Covid #Dpcm
#ANSA
https://t.co/T65VywsrJm";38;14;2020-10-26 18:56:09
"A #Lanciano si incatena il titolare di una #palestra: 'chiudo per #ignoranza' #ANSA 
https://t.co/yrHwT4ld1H";67;10;2020-10-26 18:35:19
"#coronavirus Sale l'allerta del Ministero degli Interni , rischio tensioni sociali con la nuova stretta. Migliaia in piazza a #Milano, #Napoli, #Palermo. Protestano i #ristoratori, i titolari di #bar e #palestre, i #tassisti #ANSA #dpcm 
https://t.co/T8FuXOvphZ";69;31;2020-10-26 18:29:39
"L'allerta dell'Organizzazione mondiale della sanità: 'Le terapie intensive d'Europa e degli Stati Uniti si stanno saturando'. 
L' #Europa è uno degli epicentri della #pandemia. #ANSA #OMS #USA
https://t.co/UDhyQWlJuu";33;29;2020-10-26 17:55:27
"#coronavirus sale l'#allerta del #Viminale 'rischio tensioni sociali'. Monta la #protesta, in centinaia nelle piazze a #Napoli #Milano #Palermo #Torino #ANSA 
https://t.co/VZDSFXKGp8";139;51;2020-10-26 17:48:45
"#Covid, colloquio  fra i ministri della #Salute d'Italia e Regno Unito, Roberto #Speranza e Matt #Hancock sull'impennata di contagi in Europa.  L'#Italia chiede cooperazione sul vaccino. #ANSA  
@MinisteroSalute
https://t.co/4mLbKPFxUe";18;11;2020-10-26 17:24:48
"#Covid Calano i #contagi, oltre 4 mila in meno ma sono stati effettuati 40mila tamponi in meno. Aumentano le vittime, 141 contro le 128 di domenica #ANSA #coronavirus 
https://t.co/Ir7KhNuj2b";34;15;2020-10-26 16:32:00
"#Covid: in calo i #contagi, 17 mila nelle ultime 24 ore. I #decessi sono 141. In calo anche il numero di #tamponi: 124.686, circa 40 mila in meno rispetto a ieri. #ANSA #pandemia @MinisteroSalute
https://t.co/AGIJkEQz2c";46;17;2020-10-26 16:22:01
"La #Farnesina sconsiglia i viaggi all'estero. E non esclude ulteriori restrizioni sugli spostamenti  @ItalyMFA  #Covid
#ANSA
https://t.co/x2SQR5U6nI";70;35;2020-10-26 16:04:46
L'annuncio della pugile azzurra Irma Testa: 'Sono positiva al #Covid-19'  #ANSA https://t.co/4DvYzQlpS7;6;5;2020-10-26 16:00:24
"A #Cagliari operatori del 118  stremati e bardati con le tute protettive attendono fuori dall'ospedale che le ambulanze con cui hanno portato pazienti #Covid-19 si liberino
#ANSA
https://t.co/deGdXajj05";278;97;2020-10-26 14:54:33
"#Covid: quasi 12.500 infezioni giornaliere in media in #Belgio 
Tra il 16 e il 22 ottobre, il 44% in più rispetto a 7 giorni prima. #ANSA #pandemia #contagi
https://t.co/VGTZGqbsue";19;8;2020-10-26 14:51:46
"I casi di #Covid-19 continuano ad aumentare anche in #Russia, dove nel corso delle ultime 24 ore sono stati accertati 17.347 nuovi contagi: il numero più alto finora registrato dall'inizio dell'#epidemia. #ANSA 
https://t.co/X4wDr8kkWt";27;14;2020-10-26 14:48:27
"Gerry Scotti: ""Sono positivo al #Covid-19. Volevo essere io a dirvelo. Sono a casa, sotto controllo medico"" #ANSA https://t.co/Vofuzd5Pkc";291;47;2020-10-26 12:53:55
"#Coronavirus, FT: 'Il vaccino #Oxford stimola risposta negli anziani'
#ANSA
https://t.co/uJLmDoFfQO";81;22;2020-10-26 12:35:37
"#Covid Merkel ai vertici della Cdu: ""La situazione è drammatica"" #ANSA https://t.co/xmNoKZFeOL";45;26;2020-10-26 12:00:26
"#Coronavirus, i taxi invadono il centro di #Torino: 'Servono incentivi' 
#ANSA
https://t.co/8CwgeVg3pn";49;12;2020-10-26 11:45:55
"Conte: ""La decisione sulla didattica a distanza non è stata facile, ma la curva del contagio preoccupa"" @GiuseppeConteIT #Covid #Scuola #Dad #ANSA  https://t.co/ZPZ2I4kxVE";58;12;2020-10-26 11:43:38
"#Covid A Padova il funerale del #Teatro, ""morto di #dpcm"" VIDEO #ANSA https://t.co/Bss2xtql2w";61;10;2020-10-26 10:51:39
"#Covid: Mattarella, sostenere la #ricerca, vincerà sulla pandemia
#ANSA
https://t.co/Qn1ZkXRXmW";67;14;2020-10-26 10:47:02
"#Covid: Ricciardi, le misure del #Dpcm un passo avanti ma non  sufficienti, in alcune zone il virus dilaga. Sileri: non pienamente d'accordo sul provvedimento 
#ANSA

https://t.co/8WADDSV89g";16;3;2020-10-26 10:31:05
"#Covid: altre due azzurre positive a #Coverciano
#calcio #ANSA
https://t.co/XIM4mqlyN2";14;3;2020-10-26 09:40:11
"#Covid Anm, rischi nei tribunali ""ma le istituzioni sono mute"". L'Associazione Nazionale dei Magistrati denuncia ""carenze diffuse"" e ""mancanza delle dotazioni informatiche per lo smart working"" #ANSA https://t.co/0P5nejgo2M";18;5;2020-10-26 09:37:22
"Dalla #Cig all'#Imu, sei le misure in arrivo 

#Economia
#Covid #ANSA
https://t.co/pa0FnBzIRB";15;6;2020-10-26 09:22:00
"Misiani: più aiuto a chi deve chiudere del tutto rispetto a chi chiude alle 18. Catalfo: altre 18 settimane di #cig generale

#Dpcm #Covid #ANSA

https://t.co/e4GvqSH1I1";14;4;2020-10-26 08:43:08
#Covid #Francia, probabile ondata più forte della prima #ANSA https://t.co/7QHmew9OkX;76;28;2020-10-26 08:30:41
"#Scuola: i presidi si riorganizzano, ora cambia tutto
Covid #ANSA
https://t.co/Dz4RipEQCq";14;10;2020-10-26 08:03:19
Si vota in #Sardegna, con l'ombra del #Covid e il rischio di astensionismo.  Alle #urne  fino alle 15 a #Nuoro e in 155 Comuni.#ANSA #amministrative https://t.co/p5y7Fp8SsO;10;6;2020-10-26 07:30:16
"#Campania, l'ordinanza del #governatore  conferma la #didattica a distanza.  All'infuori di #nidi e asili e progetti con #alunni con disabilità. #ANSA #DeLuca #Dpcm
https://t.co/IGALtIxnLn";37;8;2020-10-26 07:20:02
"#Dpcm chiude #palestre e #piscine, lo #sport in rivolta. #Barelli: 3 mld o sarà protesta.Poi la chiamata del premier Conte. #ANSA #pandemia #DPCM
https://t.co/AGQU0ygpOD";28;7;2020-10-26 06:50:02
"La ministra dell'#Istruzione #Azzolina chiede di intervenire sui trasporti locali e sulle  #Asl. @ANSA @AzzolinaLucia #Scuola #pandemia
https://t.co/SRTsVEHgd5";111;24;2020-10-26 06:40:02
"No a chiusure, centinaia in piazza a #Napoli. Sit- in e cori al Vomero, forte presidio delle forze dell'ordine #ANSA
https://t.co/DtwV8wn2ha https://t.co/8TpGSv593W";228;84;2020-10-25 21:30:52
"La ministra dell'#Istruzione #Azzolina chiede di intervenire sui trasporti locali e sulle  #Asl. @ANSA @AzzolinaLucia #Scuola #pandemia
https://t.co/tlbmgCrabm";129;18;2020-10-25 20:55:47
"#Dpcm chiude #palestre e #piscine, lo #sport in rivolta 
#Barelli: 3 mld o sarà protesta.Poi la chiamata del premier Conte.
#ANSA #pandemia #DPCM
https://t.co/rdk3SNxnA9";43;15;2020-10-25 20:45:42
"#Campania, l'ordinanza del #governatore  conferma la #didattica a distanza.  All'infuori di #nidi e asili e progetti con #alunni con disabilità. #ANSA #DeLuca #Dpcm
https://t.co/rRAswSAuTG";24;8;2020-10-25 19:27:18
"Nuovo #record di casi di #coronavirus in #Francia dove, nelle ultime 24 ore, ne sono stati registrati oltre 50.000. Lo ha annunciato il ministero della #Sanità. #ANSA #Covid #pandemia #epidemia
https://t.co/rtZNaovZyr";20;12;2020-10-25 19:00:31
"Si vota in #Sardegna, con l'ombra del #Covid e il rischio di astensionismo.  Alle #urne anche domani dalle 7 alle 15 a #Nuoro e in 155 Comuni.#ANSA #amministrative
https://t.co/BaZPZX4AV4";13;2;2020-10-25 18:58:36
"#Covid: la nuova #foto simbolo 'Per gli #infermieri lo stesso film di marzo'. Il grido d'allarme dall'ospedale Sant'Orsola di #Bologna. #ANSA 
https://t.co/KKKSI9M6TZ";120;33;2020-10-25 18:36:02
"I #medici ospedalieri lanciano l'allarme: 'La situazione è gravissima, pronto soccorso e reparti sono saturi. Posti esauriti in terapia intensiva da metà novembre' . #ANSA #25ottobre #covid #pandemia #sanità
https://t.co/0GbEWlNXsq";221;135;2020-10-25 18:28:16
"""Il consiglio dei ministri approvi il decreto per il risarcimento immediato e congruo alle categorie colpite dal nuovo #dpcm."" Lo afferma il vicepresidente di Forza Italia, Antonio #Tajani.#ANSA #25ottobre #covid #Dpcm
https://t.co/KSrD3fl56U";29;4;2020-10-25 17:51:36
"#Salvini sul #Dpcm: 'Chiudere attività come #palestre, #piscine, #cinema e #teatri che negli ultimi mesi hanno investito tanto per adeguare gli standard di sicurezza sanitaria è una sciocchezza'. #ANSA #25ottobre  #covid #pandemia
https://t.co/qWGP8f4ksk";99;12;2020-10-25 17:49:04
"L'allarme dei #medici ospedalieri: 'La situazione è gravissima'. 
'Presto Rianimazioni sature. Il #dpcm potrebbe non bastare'
#ANSA #25ottobre #covid #pandemia #Dpcm
https://t.co/cIfJ2sSKcw";131;76;2020-10-25 17:17:50
"Sono tornati sopra quota duemila in #Piemonte i nuovi casi di positività al #Covid. Oggi ce ne sono stati 2.287, il numero più alto dall'inizio della seconda fase dell'epidemia. #ANSA #25ottobre
https://t.co/M7pDXPVtop";19;14;2020-10-25 16:32:31
"#Covid: in #Campania 2590 positivi, nuovo #record .  Su oltre 16mila tamponi. Zero #decessi e 173 persone guarite. #ANSA #25ottobre
https://t.co/TbOJW2i82S";22;14;2020-10-25 16:26:08
"Nuovo balzo dei #contagi per #Covid, secondo i dati del ministero della #Salute sono stati registrati 21.273 nuovi #casi nelle ultime 24 ore. 128 le vittime. #ANSA #25ottobre #pandemia #coronavirus
https://t.co/mbWKuW3KTr";36;24;2020-10-25 16:24:32
"#Covid Balzo contagi, oltre 21mila in un giorno, 128 vittime. 161mila tamponi, oltre 15mila meno di ieri 
https://t.co/joLp7F9B1E";68;35;2020-10-25 16:05:27
"#Oms: record di nuovi casi, la metà in #Europa.  465.319 nelle ultime 24 ore, 221.898 nel Vecchio Continente. #ANSA #25ottobre #contagi #pandemia #covid
https://t.co/GrXS2XBAGR";14;10;2020-10-25 16:03:27
"Rocco Casalino, portavoce del premier,  è in autoisolamento fiduciario #Covid  #Casalino
#ANSA 
https://t.co/C4XCoDgYoM";29;10;2020-10-25 15:36:57
"Il portavoce di Mattarella positivo al #Covid. 'Nessun contatto 
con il presidente'
#ANSA
https://t.co/h4PEkN14QO";46;15;2020-10-25 15:18:14
"#Scontri a #Roma nella notte contro il #coprifuoco, indaga la #Procura. Oltre una decina tra denunce e arresti.  Si valutano i collegamenti con i tafferugli di #Napoli. #ANSA #24ottobre
https://t.co/dUsOMi10kN";37;13;2020-10-25 14:37:08
"#Covid, la #Spagna dichiara lo stato d'emergenza.  In Germania sono 11.176 i nuovi casi confermati di #Coronavirus 
#ANSA
https://t.co/yYjyAQB2HQ";19;17;2020-10-25 13:31:03
"#Conte: 'I primi vaccini anti #Covid a dicembre, per chi è fragile ed esposto' 
#ANSA
https://t.co/S5irQlyDoY";74;21;2020-10-25 13:25:11
"#Conte: 'Nessuno spazio per i professionisti dei disordini'  @GiuseppeConteIT 
#ANSA 
https://t.co/DyzkLS2x5r";77;23;2020-10-25 13:07:17
"Verrà cancellata la seconda rata #Imu per le categorie in difficoltà:  lo annuncia il premier @GiuseppeConteIT  in conferenza stampa #Dpcm #Covid
#ANSA
https://t.co/Xe84zhN30P";32;17;2020-10-25 13:04:10
"'Misure adesso per affrontare Natale più sereni': spiega il presidente del Consiglio nella conferenza a Palazzo Chigi illustrando i nuovi interventi anti #Covid  @GiuseppeConteIT  #Dpcm
#ANSA
https://t.co/KyZa820Vdc";107;22;2020-10-25 12:56:17
"'Le misure sono per scongiurare un lockdown generalizzato.
Dobbiamo gestire la pandemia per non rimanerne sopraffatti. L'Italia  è un grande paese, ce la faremo anche adesso': così il premier in conferenza stampa @GiuseppeConteIT  #Dpcm #Covid
#ANSA
https://t.co/HPfQkdRCMJ";43;15;2020-10-25 12:51:23
"'Raccomandiamo di muoversi solo per lavoro, ma non è un coprifuoco': dice il premier, Giuseppe Conte, che annuncia anche l'arrivo dei ristori con bonifico su conti correnti @GiuseppeConteIT 
#ANSA
https://t.co/AfJ6cwNrTP";66;26;2020-10-25 12:47:20
"'Lo stress sul sistema sanitario è preoccupante': lo ha detto il premier @GiuseppeConteIT  in conferenza stampa. 'L'analisi dei dati sui contagi non può lasciare indifferenti' #Covid
#ANSA 
https://t.co/SV4QzgfImB";38;11;2020-10-25 12:43:01
"La conferenza stampa del premier per illustrare le nuove misure anti #Covid - Segui la DIRETTA @GiuseppeConteIT 
#ANSA
https://t.co/jHHQTHbh7D";21;6;2020-10-25 12:37:07
"#Dpcm, salta il divieto per i concorsi pubblici e privati: è quanto prevede il decreto con le nuove misure anti #Covid che il premier @GiuseppeConteIT  illustrerà alle 13,30
#conferenzaconte
#ANSA  
https://t.co/OwJ9Lxn4pQ";23;5;2020-10-25 12:16:06
"'Per gli infermieri lo stesso film di marzo', il grido d'allarme dall'ospedale sant'Orsola di Bologna:  una nuova foto simbolo dell'emergenza che stiamo rivivendo, con il personale sanitario alle prese con la nuova ondata #Coronavirus #Covid
https://t.co/q8lNAJzl5N";118;39;2020-10-25 11:48:55
"Conferenza stampa alle 13,30 del premier sul #Dpcm per illustrare le nuove misure anti #Covid  @GiuseppeConteIT 
#ANSA
https://t.co/AfJ6cwNrTP";41;17;2020-10-25 10:49:16
"Il #Dpcm ""raccomanda fortemente"" di ""non spostarsi"". Rispetto all'ultima bozza, tuttavia, salta la specifica, secondo cui era raccomandato di non spostarsi dal Comune di residenza. E non c'è lo stop agli spostamenti tra Regioni @GiuseppeConteIT 
#ANSA
https://t.co/wyNFg8Fr8S";43;17;2020-10-25 10:47:05
"Il #Dpcm conferma la chiusura dei ristoranti alle 18, ma l'apertura la  domenica. Resta anche lo stop a cinema, teatri, palestre e piscine @GiuseppeConteIT 
#ANSA
https://t.co/vu8Rt4pAe1";75;30;2020-10-25 10:41:26
"La didattica a distanza alle superiori potrà arrivare, secondo quanto prevede il nuovo #Dpcm in vigore da domani, anche al 100% @GiuseppeConteIT  #scuola
#ANSA
https://t.co/gZXHd1in32";42;18;2020-10-25 10:37:46
"Conte ha firmato il nuovo Dpcm, in vigore da domani
#Covid
#ANSA
https://t.co/kR7vPIGzAp";161;40;2020-10-25 10:05:08
"Zaia: 'Serve buonsenso, chiusura alle 23 è ragionevole'
'La attività rischiano di non riaprire più, il problema sono gli assembramenti'
#Covid
#ANSA
https://t.co/RDYne059Ss";255;42;2020-10-25 09:36:19
"#Covid: in #Germania 11.176 nuovi casi 
#ANSA
https://t.co/KdXULVEOVI";21;13;2020-10-25 08:58:32
#Barbie batte la #pandemia. Le ultime trimestrali della #Mattel hanno registrato un aumento del 29 per cento delle vendite, un record degli ultimi 20 anni, attribuito dal colosso del giocattolo al #lockdown da #Coronavirus. #ANSA https://t.co/6rflnwG06n;31;11;2020-10-25 07:15:04
Pochi spazi, al liceo Manzoni solo con la media del 9  e la residenza in centro a Milano. La motivazione: l'emergenza #Coronavirus. Protestano gli studenti: 'Non vogliamo una scuola elitaria' https://t.co/eXWVbEwpyw #ANSA;84;28;2020-10-25 07:00:31
"Nuovo #record per i #contagi nelle ultime 24 ore in Italia. I #positivi sono quasi 25 mila. I morti sono 205. Nuovo balzo dei pazienti in terapia intensiva: sono 125 in più da ieri. #ANSA   @MinisteroSalute
https://t.co/SvQmP1Lc6g";0;0;2020-10-28 17:03:51
"Covid,  #Ronaldo: 'Il tampone è una ca...ta'. La frase del campione della #Juve in un commento su #Instragram #ANSA @Cristiano #CR7
https://t.co/LXZZ43qB5F";18;3;2020-10-28 16:45:10
"Il pornodivo Rocco #Siffredi è positivo al #covid  con tutta la famiglia. 'Focolaio a casa colpa dei #test veloci'. #ANSA #RoccoSiffredi #pandemia #coronavirus
https://t.co/Wor9NfLTvi";20;6;2020-10-28 16:43:21
"Il #Covid spaventa le Borse. Male Wall Street, Milano-4%
Timori sui listini in #Usa ed #Europa per la diffusione del virus e l'avvio dei nuovi #lockdown. #ANSA #WallStreet #PiazzaAffari
https://t.co/S1I80vHk4u";8;6;2020-10-28 16:00:54
"#Covid, #Brusaferro: "" L'età media dei contagiati è  40 anni ""
""L'epidemia è  oggi largamente diffusa in tutta l'Italia e non più localizzata"". #ANSA 
https://t.co/PhdDzcXA7o";28;12;2020-10-28 15:17:55
"'Il #dpcm è stato necessario o l'epidemia ci sfugge di mano'. Lo ha detto il presidente del consiglio, Giuseppe #Conte, durante il question time alla Camera. #ANSA #pandemia #epidemia @GiuseppeConteIT
https://t.co/3ZoTirRoX9";46;10;2020-10-28 14:50:51
Addio  Pino #Scaccia, storico inviato della #Rai ed ex capo redattore dei servizi speciali del #Tg1. Aveva 74 anni. Era ricoverato al San Camillo e si è aggravato per le complicazione dovute all'infezione da #Covid. #ANSA https://t.co/g24B5qrlWI;117;31;2020-10-28 13:50:02
"Il Question Time alla Camera con il premier #Conte  su #Covid e decreto #ristori.  LA DIRETTA  #ANSA  @GiuseppeConteIT 
https://t.co/aveFu1SkAb";9;5;2020-10-28 13:41:10
"#Champions: alle 21 #Bruges-#Lazio. Emergenza #Covid, #Inzaghi con gli uomini contati. #ANSA #ChampionsLeague
https://t.co/WPcVF9rAAl";2;0;2020-10-28 13:37:25
"#Musumeci: 'Chiusura di bar e ristoranti in Sicilia dalle 18 alle 22-23' #Covid #ANSA
https://t.co/T9IcyU61op https://t.co/EwdwIMto5R";25;11;2020-10-28 13:24:37
"#Champions League: stasera alle 21 la #Juventus ospita il #Barcellona. I bianconeri non avranno #Ronaldo, ancora positivo al
Covid. #ANSA @Cristiano #ChampiosLeague
https://t.co/1z2Gsopt1y";4;3;2020-10-28 13:16:35
"Il #Veneto sfonda i 2.000 casi giornalieri di #Covid-19, con 2.143 nuovi #contagi nelle ultime 24 ore, che portano il totale da inizio #pandemia a 49.135 #malati. Il Bollettino regionale registra inoltre 11 decessi, con totale a 2.355. #ANSA @RegioneVeneto
https://t.co/6hA8KklIFx";16;9;2020-10-28 13:11:43
"Alle 14.30 il Question Time alla Camera con il premier #Conte  su #Covid e decreto #ristori.  LA DIRETTA  #ANSA  @GiuseppeConteIT 
https://t.co/mDBiG4oTp2";9;3;2020-10-28 13:02:41
"#Covid: il #Veneto sfonda i 2.000 casi giornalieri, 11 morti.  Superati 800 ricoveri, quasi 16 mila in isolamento. #ANSA #pandemia
@RegioneVeneto
https://t.co/dYPd5xinf9";36;11;2020-10-28 12:35:12
"RT @AnsaScienza: #Covid, per #Nature l' #immunitàdigregge è una 'falsa promessa'
Le voci degli esperti contrari @scrippsresearch @EPFL @EPF…";0;11;2020-10-28 11:02:42
"La #Germania verso un ""#lockdown light"". Negli #Usa più di 73mila casi in 24 ore #COVID-19 #ANSA https://t.co/CwMSqxrXx7";30;14;2020-10-28 10:55:04
A Roma 16 denunciati per gli scontri di ieri sera #dpcm #COVID-19 #ANSA https://t.co/md4erkbFB9;27;9;2020-10-28 10:36:05
"#Gualtieri: 'Se conteniamo i contagi staremo nel #Nadef' #Covid #ANSA
https://t.co/mTFRaBGT9m";18;6;2020-10-28 10:22:01
"#Immuni, avvisi raddoppiati. Rt oltre 1 in tutte le regioni  #Covid #ANSA
https://t.co/DUBIpN7gDP https://t.co/QDwx5cA84f";22;10;2020-10-28 09:44:14
"#Michel: '3-4 vaccini entro la fine dell'anno, inizio 2021' #Ue #Covid #ANSA
https://t.co/fWrYDp4LNO";27;6;2020-10-28 09:08:23
"La provocazione di Sgarbi: una tavolata contro il #dpcm. Scrive su facebook: ""Qui i decreti di Conte non hanno alcuna efficacia e si cena ben oltre la mezzanotte"" #COVID-19 #ANSA https://t.co/VPVjlZk50s";181;20;2020-10-28 09:06:09
"Il #Covid spaventa le Borse. #PiazzaAffari affonda  #ANSA
https://t.co/cJ1wvuzTu4";16;7;2020-10-28 08:40:46
#Covid Pellegrini, Tokyo? Se si fa spero di esserci. 'Età e virus non dalla mia parte, ma la prendo nel modo migliore' #ANSA https://t.co/lXAD1oEO5J;15;4;2020-10-28 08:01:07
"I morti per #coronavirus in #Europa sono aumentati del 40% nell'ultima settimana, mentre i contagi di un terzo. Lo sostiene l'Organizzazione mondiale della sanità. #ANSA #Covid_19 #pandemia
https://t.co/LNmSsIFKbX";26;11;2020-10-28 07:45:05
In Cina i casi sono in risalita. Negli Usa più di 73mila in 24 ore #Covid-19 #ANSA https://t.co/VheRQFYYQI;41;26;2020-10-28 07:42:43
"#Covid, dentro la terapia intensiva di Casal Palocco: la storia di Paolo e Angelo. Il primario: ""Le restrizioni di fatto sono inutili, il virus non vive solo di notte"". #ANSA  #pandemia #Covid_19
https://t.co/EzhiICzQei";24;21;2020-10-28 07:30:17
"La #foto simbolo dell'#infermiera stremata. Accasciata su volante dell'#ambulanza dopo 8 ore con un paziente a bordo. #ANSA #pandemia #covid
https://t.co/yW1VDhdTLR";164;25;2020-10-28 07:00:54
"La #Russia ha chiesto all'Organizzazione Mondiale della Sanità (Oms) ""la registrazione accelerata"" del suo #vaccino contro il #Covid-19  chiamato Sputnik V. #ANSA #Oms #pandemia
https://t.co/nKEs2nEeuT";69;17;2020-10-28 06:55:02
"La #Francia verso il #lockdown, da giovedì a mezzanotte. Ci  sono oltre  50.000 nuovi casi di #Covid-19 al giorno. #ANSA #pandemia
https://t.co/9YyyDos3cA";119;59;2020-10-27 22:13:23
"#Scontri in centro a #Roma durante le #proteste contro le misure anti-covid. Le forze dell'ordine hanno fermato una decina di dimostranti. La zona resta presidiata. #ANSA #disordini 
https://t.co/EdEeyvhLom https://t.co/Ps0PNEMK81";38;12;2020-10-27 21:42:42
"#Covid, dentro la terapia intensiva di Casal Palocco: la storia di Paolo e Angelo. Il primario: ""Le restrizioni di fatto sono inutili, il virus non vive solo di notte"". #ANSA  
https://t.co/i0ygMou8CK";36;14;2020-10-27 21:34:01
"La #foto simbolo dell'#infermiera stremata. Accasciata su volante dell'#ambulanza dopo 8 ore con un paziente a bordo. #ANSA #pandemia #covid
https://t.co/LQsNmh9SqX";217;50;2020-10-27 21:23:54
"Cristiano #Ronaldo sarebbe ancora #positivo al #Covid. E' l'indiscrezione della tv portoghese TvI 24, a ventiquattr'ore dal big match di Champions League contro il #Barcellona. #ANSA 
@Cristiano
https://t.co/mkrBapqUGP";13;3;2020-10-27 20:57:14
"A #Genova entrerà in vigore questa sera,  la nuova #ordinanza anti-contagi del sindaco  Marco #Bucci che impone dalle 21 alle 6 del mattino limitazioni alla mobilità delle persone. #ANSA #coprifuoco
https://t.co/scN0Xu6T37";36;18;2020-10-27 20:14:10
"La #Russia chiede all'Organizzazione Mondiale della Sanità ""la registrazione accelerata"" del suo #vaccino contro il #Covid-19  chiamato Sputnik V. #ANSA #Oms #pandemia
https://t.co/Yyd4ZYJlA1";30;23;2020-10-27 19:16:06
"La #Russia ha chiesto all'Organizzazione Mondiale della Sanità (Oms) ""la registrazione accelerata"" del suo #vaccino contro il #Covid-19  chiamato Sputnik V. #ANSA #Oms #pandemia
https://t.co/Yyd4ZYJlA1";53;18;2020-10-27 19:14:17
"I morti per #coronavirus in #Europa sono aumentati del 40% nell'ultima settimana, mentre i contagi di un terzo. Lo sostiene l'Organizzazione mondiale della sanità. #ANSA #Covid_19 #pandemia
https://t.co/AGmWEK1NtB";46;24;2020-10-27 19:11:40
#Covid: idranti e cariche a Roma. Domani Lamorgese riunisce il Comitato di Sicurezza e riferisce al Senato #ANSA https://t.co/Ps0PNEMK81;51;15;2020-10-27 19:08:33
#Covid Pellegrini, Tokyo? Se si fa spero di esserci. 'Età e virus non dalla mia parte, ma la prendo nel modo migliore' #ANSA https://t.co/kUoZMQ6Wd0;29;2;2020-10-27 18:37:02
"L'ironia corre sui #social, tra #pandemia e il nuovo #dpcm.  #ANSA
https://t.co/cbk9Hi6tqD";13;3;2020-10-27 17:10:49
"#Covid: balzo di #vittime nel Regno Unito,  367 nelle ultime 24 ore. 
I #contagi quotidiani sono attorno ai 23.000 su 261.000 test. #ANSA 
#UK
https://t.co/HtUfMveDZY";27;20;2020-10-27 16:57:50
"La conferenza stampa del presidente dell'Iss, Silvio Brusaferro e del Direttore Generale della Prevenzione del Ministero della Salute, Gianni Rezza. ""Dati mostrano una progressione continua nei ricoveri"".
#ANSA #Covid @istsupsan @MinisteroSalute 

https://t.co/SWtYBd4GLs";7;7;2020-10-27 16:55:12
"#Covid, record di contagi, quasi 22 mila. Le vittime sono 221
#ANSA
https://t.co/VUULUhnJiC";76;47;2020-10-27 16:28:32
"#Covid, allarme dei medici ospedalieri:  'Mancano 4mila medici 
per la terapia intensiva' #Anaao
#ANSA
https://t.co/9Gw24yLhx5";42;22;2020-10-27 16:07:32
"Covid: positivo il presidente della Fifa Infantino. Ha lievi sintomi ed è già in isolamento #ANSA
https://t.co/rxNz9CK8s1";15;8;2020-10-27 15:47:36
"La cancelliera Angela Merkel aumenta la pressione sulla necessità di ulteriori sterzate anti-Covid in Germania. In una riunione della Cdu avrebbe detto: ""Ancora quattro raddoppi dei contagi e il sistema è alla fine"".

#ANSA #Covid #coronavirus #Merkel 

https://t.co/irbRTcy3rt";53;30;2020-10-27 15:46:05
"E' verosimile che ""oltre l'80% di tutti coloro che contraggono l'infezione"" da Covid-19 ""siano asintomatici o paucisintomatici"". Lo afferma Flavia Riccardo dell'Istituto superiore di sanità. 
#ANSA #Covid #coronavirus #Iss @istsupsan 

https://t.co/H9LUOHBkjn";84;37;2020-10-27 15:28:07
"Le misure restrittive ""sono sfortunatamente necessarie ancora una volta per appiattire la curva dei contagi anche se probabilmente porteranno a un significativo rallentamento dell'economia"":  così  il commissario #Ue all'economia #Gentiloni #Covid
#ANSA
https://t.co/Lr4jGaW2su";36;7;2020-10-27 15:07:22
"""#Ronaldo ha fatto il tampone come tutti, in serata arriverà il responso definitivo"":  lo dice Andrea #Pirlo, tecnico della #Juventus, alla vigilia della gara contro il #Barcellona
#ANSA
https://t.co/sKBp6SHkX6";21;2;2020-10-27 13:43:44
"Protesta dei lavoratori del mondo dello sport a Roma. Dipendenti e titolari di palestre, piscine, scuole di danza e centri sportivi si sono dati appuntamento al Pantheon per manifestare il loro dissenso alle misure restrittive del Dpcm.
#ANSA #Covid 

https://t.co/LbqMFdpZjF";64;13;2020-10-27 13:29:24
#Ricciardi: '#Lockdown necessario per #Napoli e #Milano'.  'In queste città si può prendere il #virus anche al bar' #Covid_19 #ANSA https://t.co/PbTZGB2hFf;95;39;2020-10-27 12:51:14
"Ieri abbiamo commesso un errore sul numero di terapie intensive e ricoveri negli ospedali in Italia. Ce ne scusiamo. Ecco i numeri esatti: i pazienti in terapia intensiva hanno raggiunto quota 1.284. Le persone ricoverate in ospedale sono 12.997 #covid
https://t.co/o7cN2JKY1T";22;8;2020-10-27 11:54:33
Monta la rabbia contro i nuovi provvedimenti #dpcm #COVID-19 VIDEO #ANSA https://t.co/DQk4pXfQPB;23;7;2020-10-27 11:49:03
"#Gualtieri, #ristori in tempi record e fino al doppio. Il ministro illustra le misure alle categorie, a ristoranti indennizzo 1,5. #Covid
#ANSA
https://t.co/ah02VIKqH0";15;14;2020-10-27 11:44:08
"La Valle d'Aosta è la regione con la maggiore incidenza di contagiati  dal Covid-19 rispetto alla popolazione ed prima per il rapporto tra positivi e persone testate, per numero di ricoveri e decessi negli ultimi sette giorni.

#ANSA #Covid 

https://t.co/2Iizwvyxlp";34;11;2020-10-27 11:34:06
#Conte alle categorie: 'Oggi ok a decreto legge #ristori, indennizzi subito'. 'Se non marciamo assieme aggraviamo la situazione'  #Covid #ANSA https://t.co/oNAcbWf6lS;44;16;2020-10-27 11:14:48
In #Russia 320 morti in 24 ore. E' il picco da inizio epidemia #COVID-19 #ANSA https://t.co/vC525pjAwT;20;8;2020-10-27 10:45:06
Sono 28 le persone accompagnate in questura a #Milano in seguito agli incidenti di ieri sera durante una manifestazione non autorizzata contro i provvedimenti per il contenimento del coronavirus contenuti nell'ultimo #dpcm #Covid-19 #ANSA https://t.co/3cxznvr62w;68;22;2020-10-27 08:22:31
#Covid-19 Monta la rabbia contro i nuovi provvedimenti del #dpcm VIDEO #ANSA https://t.co/zlxEBFdjA4;21;7;2020-10-27 08:15:06
#Covid  A #Pesaro irruzione della polizia in un ristorante, 90 a tavola VIDEO #ANSA https://t.co/8xtBROgy8X;142;41;2020-10-27 07:44:47
"A #Cagliari operatori del 118  stremati e bardati con le tute protettive attendono fuori dall'ospedale che le ambulanze con cui hanno portato pazienti #Covid-19 si liberino
#ANSA
https://t.co/4dufOltNNi";309;72;2020-10-27 06:30:13
"#covid #Guerriglia a #Torino e #Milano, negozi saccheggiati e scontri con le forze dell'ordine. Dieci fermi, un poliziotto ferito #ANSA
https://t.co/GsGIBebyAR";158;58;2020-10-26 21:55:22
"#Genova verso restrizioni della #mobilità in tutta la città dalle 21 alle 6. Troppe le segnalazioni di comportamenti irresponsabili dice il sindaco Marco Bucci per Genova . 'Non impatterà sul commercio perché i #negozi a quell'ora sono chiusi' #ANSA
https://t.co/oTZrpkFndw";33;12;2020-10-26 20:34:48
"#coronavirus Sale la tensione a #Napoli, fermato un manifestante. Scontri con le forze dell'ordine a #Milano, #Torino #Trieste #ANSA
https://t.co/MvmlTzM28M";98;47;2020-10-26 20:18:32
"#Covid, come il virus si diffonde in un bar, a casa e a scuola
E i comportamenti per limitare il rischio di contagio
#ANSA
https://t.co/wPXwnpjgbs";103;55;2020-10-26 20:02:41
"#Covid, Il virologo #Fauci: ' Gli #Usa ancora nella prima ondata. 
Non c'è mai stato un vero calo da inizio #pandemia, ora c'è picco'
#ANSA #pandemia
https://t.co/Uyv3IQv18d";33;22;2020-10-26 19:16:13
"Ore 18, nelle città calano le serrande di bar e ristoranti - FOTO
#Covid #Dpcm
#ANSA
https://t.co/T65VywsrJm";40;14;2020-10-26 18:56:09
"A #Lanciano si incatena il titolare di una #palestra: 'chiudo per #ignoranza' #ANSA 
https://t.co/yrHwT4ld1H";70;10;2020-10-26 18:35:19
"#coronavirus Sale l'allerta del Ministero degli Interni , rischio tensioni sociali con la nuova stretta. Migliaia in piazza a #Milano, #Napoli, #Palermo. Protestano i #ristoratori, i titolari di #bar e #palestre, i #tassisti #ANSA #dpcm 
https://t.co/T8FuXOvphZ";70;31;2020-10-26 18:29:39
"L'allerta dell'Organizzazione mondiale della sanità: 'Le terapie intensive d'Europa e degli Stati Uniti si stanno saturando'. 
L' #Europa è uno degli epicentri della #pandemia. #ANSA #OMS #USA
https://t.co/UDhyQWlJuu";33;29;2020-10-26 17:55:27
"#coronavirus sale l'#allerta del #Viminale 'rischio tensioni sociali'. Monta la #protesta, in centinaia nelle piazze a #Napoli #Milano #Palermo #Torino #ANSA 
https://t.co/VZDSFXKGp8";139;53;2020-10-26 17:48:45
"#Covid, colloquio  fra i ministri della #Salute d'Italia e Regno Unito, Roberto #Speranza e Matt #Hancock sull'impennata di contagi in Europa.  L'#Italia chiede cooperazione sul vaccino. #ANSA  
@MinisteroSalute
https://t.co/4mLbKPFxUe";19;11;2020-10-26 17:24:48
"#Covid Calano i #contagi, oltre 4 mila in meno ma sono stati effettuati 40mila tamponi in meno. Aumentano le vittime, 141 contro le 128 di domenica #ANSA #coronavirus 
https://t.co/Ir7KhNuj2b";34;15;2020-10-26 16:32:00
"#Covid: in calo i #contagi, 17 mila nelle ultime 24 ore. I #decessi sono 141. In calo anche il numero di #tamponi: 124.686, circa 40 mila in meno rispetto a ieri. #ANSA #pandemia @MinisteroSalute
https://t.co/AGIJkEQz2c";47;17;2020-10-26 16:22:01
"La #Farnesina sconsiglia i viaggi all'estero. E non esclude ulteriori restrizioni sugli spostamenti  @ItalyMFA  #Covid
#ANSA
https://t.co/x2SQR5U6nI";72;35;2020-10-26 16:04:46
L'annuncio della pugile azzurra Irma Testa: 'Sono positiva al #Covid-19'  #ANSA https://t.co/4DvYzQlpS7;6;5;2020-10-26 16:00:24
"A #Cagliari operatori del 118  stremati e bardati con le tute protettive attendono fuori dall'ospedale che le ambulanze con cui hanno portato pazienti #Covid-19 si liberino
#ANSA
https://t.co/deGdXajj05";282;98;2020-10-26 14:54:33
"#Covid: quasi 12.500 infezioni giornaliere in media in #Belgio 
Tra il 16 e il 22 ottobre, il 44% in più rispetto a 7 giorni prima. #ANSA #pandemia #contagi
https://t.co/VGTZGqbsue";19;8;2020-10-26 14:51:46
"I casi di #Covid-19 continuano ad aumentare anche in #Russia, dove nel corso delle ultime 24 ore sono stati accertati 17.347 nuovi contagi: il numero più alto finora registrato dall'inizio dell'#epidemia. #ANSA 
https://t.co/X4wDr8kkWt";27;14;2020-10-26 14:48:27
"Gerry Scotti: ""Sono positivo al #Covid-19. Volevo essere io a dirvelo. Sono a casa, sotto controllo medico"" #ANSA https://t.co/Vofuzd5Pkc";296;47;2020-10-26 12:53:55
"#Coronavirus, FT: 'Il vaccino #Oxford stimola risposta negli anziani'
#ANSA
https://t.co/uJLmDoFfQO";82;22;2020-10-26 12:35:37
"#Covid Merkel ai vertici della Cdu: ""La situazione è drammatica"" #ANSA https://t.co/xmNoKZFeOL";46;26;2020-10-26 12:00:26
"#Coronavirus, i taxi invadono il centro di #Torino: 'Servono incentivi' 
#ANSA
https://t.co/8CwgeVg3pn";49;12;2020-10-26 11:45:55
"Conte: ""La decisione sulla didattica a distanza non è stata facile, ma la curva del contagio preoccupa"" @GiuseppeConteIT #Covid #Scuola #Dad #ANSA  https://t.co/ZPZ2I4kxVE";58;12;2020-10-26 11:43:38
"#Covid A Padova il funerale del #Teatro, ""morto di #dpcm"" VIDEO #ANSA https://t.co/Bss2xtql2w";61;10;2020-10-26 10:51:39
"#Covid: Mattarella, sostenere la #ricerca, vincerà sulla pandemia
#ANSA
https://t.co/Qn1ZkXRXmW";67;14;2020-10-26 10:47:02
"#Covid: Ricciardi, le misure del #Dpcm un passo avanti ma non  sufficienti, in alcune zone il virus dilaga. Sileri: non pienamente d'accordo sul provvedimento 
#ANSA

https://t.co/8WADDSV89g";15;3;2020-10-26 10:31:05
"#Covid: altre due azzurre positive a #Coverciano
#calcio #ANSA
https://t.co/XIM4mqlyN2";14;3;2020-10-26 09:40:11
"#Covid Anm, rischi nei tribunali ""ma le istituzioni sono mute"". L'Associazione Nazionale dei Magistrati denuncia ""carenze diffuse"" e ""mancanza delle dotazioni informatiche per lo smart working"" #ANSA https://t.co/0P5nejgo2M";18;5;2020-10-26 09:37:22
"Dalla #Cig all'#Imu, sei le misure in arrivo 

#Economia
#Covid #ANSA
https://t.co/pa0FnBzIRB";15;6;2020-10-26 09:22:00
"Misiani: più aiuto a chi deve chiudere del tutto rispetto a chi chiude alle 18. Catalfo: altre 18 settimane di #cig generale

#Dpcm #Covid #ANSA

https://t.co/e4GvqSH1I1";14;4;2020-10-26 08:43:08
#Covid #Francia, probabile ondata più forte della prima #ANSA https://t.co/7QHmew9OkX;77;28;2020-10-26 08:30:41
"#Scuola: i presidi si riorganizzano, ora cambia tutto
Covid #ANSA
https://t.co/Dz4RipEQCq";14;10;2020-10-26 08:03:19
Si vota in #Sardegna, con l'ombra del #Covid e il rischio di astensionismo.  Alle #urne  fino alle 15 a #Nuoro e in 155 Comuni.#ANSA #amministrative https://t.co/p5y7Fp8SsO;10;6;2020-10-26 07:30:16
"#Campania, l'ordinanza del #governatore  conferma la #didattica a distanza.  All'infuori di #nidi e asili e progetti con #alunni con disabilità. #ANSA #DeLuca #Dpcm
https://t.co/IGALtIxnLn";37;8;2020-10-26 07:20:02
"#Dpcm chiude #palestre e #piscine, lo #sport in rivolta. #Barelli: 3 mld o sarà protesta.Poi la chiamata del premier Conte. #ANSA #pandemia #DPCM
https://t.co/AGQU0ygpOD";28;7;2020-10-26 06:50:02
"La ministra dell'#Istruzione #Azzolina chiede di intervenire sui trasporti locali e sulle  #Asl. @ANSA @AzzolinaLucia #Scuola #pandemia
https://t.co/SRTsVEHgd5";111;24;2020-10-26 06:40:02
"No a chiusure, centinaia in piazza a #Napoli. Sit- in e cori al Vomero, forte presidio delle forze dell'ordine #ANSA
https://t.co/DtwV8wn2ha https://t.co/8TpGSv593W";230;84;2020-10-25 21:30:52
"La ministra dell'#Istruzione #Azzolina chiede di intervenire sui trasporti locali e sulle  #Asl. @ANSA @AzzolinaLucia #Scuola #pandemia
https://t.co/tlbmgCrabm";130;18;2020-10-25 20:55:47
"#Dpcm chiude #palestre e #piscine, lo #sport in rivolta 
#Barelli: 3 mld o sarà protesta.Poi la chiamata del premier Conte.
#ANSA #pandemia #DPCM
https://t.co/rdk3SNxnA9";43;15;2020-10-25 20:45:42
"#Campania, l'ordinanza del #governatore  conferma la #didattica a distanza.  All'infuori di #nidi e asili e progetti con #alunni con disabilità. #ANSA #DeLuca #Dpcm
https://t.co/rRAswSAuTG";24;8;2020-10-25 19:27:18
"Nuovo #record di casi di #coronavirus in #Francia dove, nelle ultime 24 ore, ne sono stati registrati oltre 50.000. Lo ha annunciato il ministero della #Sanità. #ANSA #Covid #pandemia #epidemia
https://t.co/rtZNaovZyr";20;12;2020-10-25 19:00:31
"Si vota in #Sardegna, con l'ombra del #Covid e il rischio di astensionismo.  Alle #urne anche domani dalle 7 alle 15 a #Nuoro e in 155 Comuni.#ANSA #amministrative
https://t.co/BaZPZX4AV4";13;2;2020-10-25 18:58:36
"#Covid: la nuova #foto simbolo 'Per gli #infermieri lo stesso film di marzo'. Il grido d'allarme dall'ospedale Sant'Orsola di #Bologna. #ANSA 
https://t.co/KKKSI9M6TZ";120;33;2020-10-25 18:36:02
"I #medici ospedalieri lanciano l'allarme: 'La situazione è gravissima, pronto soccorso e reparti sono saturi. Posti esauriti in terapia intensiva da metà novembre' . #ANSA #25ottobre #covid #pandemia #sanità
https://t.co/0GbEWlNXsq";221;135;2020-10-25 18:28:16
"""Il consiglio dei ministri approvi il decreto per il risarcimento immediato e congruo alle categorie colpite dal nuovo #dpcm."" Lo afferma il vicepresidente di Forza Italia, Antonio #Tajani.#ANSA #25ottobre #covid #Dpcm
https://t.co/KSrD3fl56U";29;4;2020-10-25 17:51:36
"#Salvini sul #Dpcm: 'Chiudere attività come #palestre, #piscine, #cinema e #teatri che negli ultimi mesi hanno investito tanto per adeguare gli standard di sicurezza sanitaria è una sciocchezza'. #ANSA #25ottobre  #covid #pandemia
https://t.co/qWGP8f4ksk";99;12;2020-10-25 17:49:04
"L'allarme dei #medici ospedalieri: 'La situazione è gravissima'. 
'Presto Rianimazioni sature. Il #dpcm potrebbe non bastare'
#ANSA #25ottobre #covid #pandemia #Dpcm
https://t.co/cIfJ2sSKcw";131;76;2020-10-25 17:17:50
"Sono tornati sopra quota duemila in #Piemonte i nuovi casi di positività al #Covid. Oggi ce ne sono stati 2.287, il numero più alto dall'inizio della seconda fase dell'epidemia. #ANSA #25ottobre
https://t.co/M7pDXPVtop";19;14;2020-10-25 16:32:31
"#Covid: in #Campania 2590 positivi, nuovo #record .  Su oltre 16mila tamponi. Zero #decessi e 173 persone guarite. #ANSA #25ottobre
https://t.co/TbOJW2i82S";22;14;2020-10-25 16:26:08
"Nuovo balzo dei #contagi per #Covid, secondo i dati del ministero della #Salute sono stati registrati 21.273 nuovi #casi nelle ultime 24 ore. 128 le vittime. #ANSA #25ottobre #pandemia #coronavirus
https://t.co/mbWKuW3KTr";36;24;2020-10-25 16:24:32
"#Covid Balzo contagi, oltre 21mila in un giorno, 128 vittime. 161mila tamponi, oltre 15mila meno di ieri 
https://t.co/joLp7F9B1E";68;35;2020-10-25 16:05:27
"#Oms: record di nuovi casi, la metà in #Europa.  465.319 nelle ultime 24 ore, 221.898 nel Vecchio Continente. #ANSA #25ottobre #contagi #pandemia #covid
https://t.co/GrXS2XBAGR";13;10;2020-10-25 16:03:27
"Rocco Casalino, portavoce del premier,  è in autoisolamento fiduciario #Covid  #Casalino
#ANSA 
https://t.co/C4XCoDgYoM";29;10;2020-10-25 15:36:57
"Il portavoce di Mattarella positivo al #Covid. 'Nessun contatto 
con il presidente'
#ANSA
https://t.co/h4PEkN14QO";46;15;2020-10-25 15:18:14
"#Scontri a #Roma nella notte contro il #coprifuoco, indaga la #Procura. Oltre una decina tra denunce e arresti.  Si valutano i collegamenti con i tafferugli di #Napoli. #ANSA #24ottobre
https://t.co/dUsOMi10kN";37;13;2020-10-25 14:37:08
"#Covid, la #Spagna dichiara lo stato d'emergenza.  In Germania sono 11.176 i nuovi casi confermati di #Coronavirus 
#ANSA
https://t.co/yYjyAQB2HQ";20;18;2020-10-25 13:31:03
"#Conte: 'I primi vaccini anti #Covid a dicembre, per chi è fragile ed esposto' 
#ANSA
https://t.co/S5irQlyDoY";74;21;2020-10-25 13:25:11
"#Conte: 'Nessuno spazio per i professionisti dei disordini'  @GiuseppeConteIT 
#ANSA 
https://t.co/DyzkLS2x5r";77;23;2020-10-25 13:07:17
"Verrà cancellata la seconda rata #Imu per le categorie in difficoltà:  lo annuncia il premier @GiuseppeConteIT  in conferenza stampa #Dpcm #Covid
#ANSA
https://t.co/Xe84zhN30P";32;17;2020-10-25 13:04:10
"'Misure adesso per affrontare Natale più sereni': spiega il presidente del Consiglio nella conferenza a Palazzo Chigi illustrando i nuovi interventi anti #Covid  @GiuseppeConteIT  #Dpcm
#ANSA
https://t.co/KyZa820Vdc";107;22;2020-10-25 12:56:17
"'Le misure sono per scongiurare un lockdown generalizzato.
Dobbiamo gestire la pandemia per non rimanerne sopraffatti. L'Italia  è un grande paese, ce la faremo anche adesso': così il premier in conferenza stampa @GiuseppeConteIT  #Dpcm #Covid
#ANSA
https://t.co/HPfQkdRCMJ";43;15;2020-10-25 12:51:23
"'Raccomandiamo di muoversi solo per lavoro, ma non è un coprifuoco': dice il premier, Giuseppe Conte, che annuncia anche l'arrivo dei ristori con bonifico su conti correnti @GiuseppeConteIT 
#ANSA
https://t.co/AfJ6cwNrTP";66;26;2020-10-25 12:47:20
"'Lo stress sul sistema sanitario è preoccupante': lo ha detto il premier @GiuseppeConteIT  in conferenza stampa. 'L'analisi dei dati sui contagi non può lasciare indifferenti' #Covid
#ANSA 
https://t.co/SV4QzgfImB";38;11;2020-10-25 12:43:01
"La conferenza stampa del premier per illustrare le nuove misure anti #Covid - Segui la DIRETTA @GiuseppeConteIT 
#ANSA
https://t.co/jHHQTHbh7D";21;6;2020-10-25 12:37:07
"#Dpcm, salta il divieto per i concorsi pubblici e privati: è quanto prevede il decreto con le nuove misure anti #Covid che il premier @GiuseppeConteIT  illustrerà alle 13,30
#conferenzaconte
#ANSA  
https://t.co/OwJ9Lxn4pQ";23;5;2020-10-25 12:16:06
"'Per gli infermieri lo stesso film di marzo', il grido d'allarme dall'ospedale sant'Orsola di Bologna:  una nuova foto simbolo dell'emergenza che stiamo rivivendo, con il personale sanitario alle prese con la nuova ondata #Coronavirus #Covid
https://t.co/q8lNAJzl5N";118;39;2020-10-25 11:48:55
"Conferenza stampa alle 13,30 del premier sul #Dpcm per illustrare le nuove misure anti #Covid  @GiuseppeConteIT 
#ANSA
https://t.co/AfJ6cwNrTP";40;17;2020-10-25 10:49:16
"Il #Dpcm ""raccomanda fortemente"" di ""non spostarsi"". Rispetto all'ultima bozza, tuttavia, salta la specifica, secondo cui era raccomandato di non spostarsi dal Comune di residenza. E non c'è lo stop agli spostamenti tra Regioni @GiuseppeConteIT 
#ANSA
https://t.co/wyNFg8Fr8S";44;17;2020-10-25 10:47:05
"Il #Dpcm conferma la chiusura dei ristoranti alle 18, ma l'apertura la  domenica. Resta anche lo stop a cinema, teatri, palestre e piscine @GiuseppeConteIT 
#ANSA
https://t.co/vu8Rt4pAe1";74;30;2020-10-25 10:41:26
"La didattica a distanza alle superiori potrà arrivare, secondo quanto prevede il nuovo #Dpcm in vigore da domani, anche al 100% @GiuseppeConteIT  #scuola
#ANSA
https://t.co/gZXHd1in32";42;18;2020-10-25 10:37:46
"Conte ha firmato il nuovo Dpcm, in vigore da domani
#Covid
#ANSA
https://t.co/kR7vPIGzAp";161;40;2020-10-25 10:05:08
"Zaia: 'Serve buonsenso, chiusura alle 23 è ragionevole'
'La attività rischiano di non riaprire più, il problema sono gli assembramenti'
#Covid
#ANSA
https://t.co/RDYne059Ss";257;42;2020-10-25 09:36:19
"#Covid: in #Germania 11.176 nuovi casi 
#ANSA
https://t.co/KdXULVEOVI";21;13;2020-10-25 08:58:32
#Barbie batte la #pandemia. Le ultime trimestrali della #Mattel hanno registrato un aumento del 29 per cento delle vendite, un record degli ultimi 20 anni, attribuito dal colosso del giocattolo al #lockdown da #Coronavirus. #ANSA https://t.co/6rflnwG06n;31;11;2020-10-25 07:15:04
Pochi spazi, al liceo Manzoni solo con la media del 9  e la residenza in centro a Milano. La motivazione: l'emergenza #Coronavirus. Protestano gli studenti: 'Non vogliamo una scuola elitaria' https://t.co/eXWVbEwpyw #ANSA;84;28;2020-10-25 07:00:31
